<?xml version="1.0" encoding="UTF-8"?>
<metadata xml:lang="en"><Esri><CreaDate>20190726</CreaDate><CreaTime>21270100</CreaTime><ArcGISFormat>1.0</ArcGISFormat><SyncOnce>FALSE</SyncOnce><DataProperties><itemProps><itemName Sync="TRUE">SNF_STANDS_20140709_clip</itemName><imsContentType Sync="TRUE">002</imsContentType><nativeExtBox><westBL Sync="TRUE">492325.812500</westBL><eastBL Sync="TRUE">734572.375000</eastBL><southBL Sync="TRUE">5236778.000000</southBL><northBL Sync="TRUE">5371446.500000</northBL><exTypeCode Sync="TRUE">1</exTypeCode></nativeExtBox><itemLocation><linkage Sync="TRUE">file://\\AARON-PC\C$\gdrive\projects\usfs_stands_project\data\snf_stands_20140709</linkage><protocol Sync="TRUE">Local Area Network</protocol></itemLocation><itemSize Sync="TRUE">0.000</itemSize></itemProps><coordRef><type Sync="TRUE">Projected</type><geogcsn Sync="TRUE">GCS_North_American_1983</geogcsn><csUnits Sync="TRUE">Linear Unit: Meter (1.000000)</csUnits><projcsn Sync="TRUE">NAD_1983_UTM_Zone_15N</projcsn><peXml Sync="TRUE">&lt;ProjectedCoordinateSystem xsi:type='typens:ProjectedCoordinateSystem' xmlns:xsi='http://www.w3.org/2001/XMLSchema-instance' xmlns:xs='http://www.w3.org/2001/XMLSchema' xmlns:typens='http://www.esri.com/schemas/ArcGIS/10.1'&gt;&lt;WKT&gt;PROJCS[&amp;quot;NAD_1983_UTM_Zone_15N&amp;quot;,GEOGCS[&amp;quot;GCS_North_American_1983&amp;quot;,DATUM[&amp;quot;D_North_American_1983&amp;quot;,SPHEROID[&amp;quot;GRS_1980&amp;quot;,6378137.0,298.257222101]],PRIMEM[&amp;quot;Greenwich&amp;quot;,0.0],UNIT[&amp;quot;Degree&amp;quot;,0.0174532925199433]],PROJECTION[&amp;quot;Transverse_Mercator&amp;quot;],PARAMETER[&amp;quot;False_Easting&amp;quot;,500000.0],PARAMETER[&amp;quot;False_Northing&amp;quot;,0.0],PARAMETER[&amp;quot;Central_Meridian&amp;quot;,-93.0],PARAMETER[&amp;quot;Scale_Factor&amp;quot;,0.9996],PARAMETER[&amp;quot;Latitude_Of_Origin&amp;quot;,0.0],UNIT[&amp;quot;Meter&amp;quot;,1.0],AUTHORITY[&amp;quot;EPSG&amp;quot;,26915]]&lt;/WKT&gt;&lt;XOrigin&gt;-5120900&lt;/XOrigin&gt;&lt;YOrigin&gt;-9998100&lt;/YOrigin&gt;&lt;XYScale&gt;450445547.3910538&lt;/XYScale&gt;&lt;ZOrigin&gt;-100000&lt;/ZOrigin&gt;&lt;ZScale&gt;10000&lt;/ZScale&gt;&lt;MOrigin&gt;-100000&lt;/MOrigin&gt;&lt;MScale&gt;10000&lt;/MScale&gt;&lt;XYTolerance&gt;0.001&lt;/XYTolerance&gt;&lt;ZTolerance&gt;0.001&lt;/ZTolerance&gt;&lt;MTolerance&gt;0.001&lt;/MTolerance&gt;&lt;HighPrecision&gt;true&lt;/HighPrecision&gt;&lt;WKID&gt;26915&lt;/WKID&gt;&lt;LatestWKID&gt;26915&lt;/LatestWKID&gt;&lt;/ProjectedCoordinateSystem&gt;</peXml></coordRef><lineage><Process ToolSource="c:\program files (x86)\arcgis\desktop10.2\ArcToolbox\Toolboxes\Analysis Tools.tbx\Clip" Date="20140710" Time="111814">Clip SNF_STANDS_20140709 pilotArea C:\gdrive\projects\BWCA_fuels\SNF_veg\SNF_STANDS_20140709_clip.shp #</Process><Process ToolSource="c:\program files (x86)\arcgis\desktop10.3\ArcToolbox\Toolboxes\Data Management Tools.tbx\Project" Date="20160608" Time="233258">Project C:\gdrive\projects\BWCA_fuels\SNF_veg\SNF_STANDS_20140709_clip.shp C:\gdrive\projects\dene_python_project\task_2\snf_stands_20140709.shp PROJCS['North_America_Albers_Equal_Area_Conic',GEOGCS['GCS_North_American_1983',DATUM['D_North_American_1983',SPHEROID['GRS_1980',6378137.0,298.257222101]],PRIMEM['Greenwich',0.0],UNIT['Degree',0.0174532925199433]],PROJECTION['Albers'],PARAMETER['False_Easting',0.0],PARAMETER['False_Northing',0.0],PARAMETER['Central_Meridian',-96.0],PARAMETER['Standard_Parallel_1',20.0],PARAMETER['Standard_Parallel_2',60.0],PARAMETER['Latitude_Of_Origin',40.0],UNIT['Meter',1.0]] # PROJCS['NAD_1983_UTM_Zone_15N',GEOGCS['GCS_North_American_1983',DATUM['D_North_American_1983',SPHEROID['GRS_1980',6378137.0,298.257222101]],PRIMEM['Greenwich',0.0],UNIT['Degree',0.0174532925199433]],PROJECTION['Transverse_Mercator'],PARAMETER['False_Easting',500000.0],PARAMETER['False_Northing',0.0],PARAMETER['Central_Meridian',-93.0],PARAMETER['Scale_Factor',0.9996],PARAMETER['Latitude_Of_Origin',0.0],UNIT['Meter',1.0]] NO_PRESERVE_SHAPE #</Process></lineage><copyHistory><copy source="C:\gdrive\projects\dene_python_project\task_2\snf_stands_20140709" dest="\\AARON-PC\C$\gdrive\projects\usfs_stands_project\data\snf_stands_20140709" date="20190726" time="21270100"></copy></copyHistory></DataProperties><SyncDate>20140710</SyncDate><SyncTime>11181300</SyncTime><ModDate>20140710</ModDate><ModTime>11181300</ModTime><ArcGISstyle>FGDC CSDGM Metadata</ArcGISstyle></Esri><dataIdInfo><envirDesc Sync="TRUE">Microsoft Windows 7 Version 6.1 (Build 7601) Service Pack 1; Esri ArcGIS 10.2.0.3397</envirDesc><dataLang><languageCode value="eng" Sync="TRUE"></languageCode><countryCode value="USA" Sync="TRUE"></countryCode></dataLang><idCitation><resTitle Sync="TRUE">SNF_STANDS_20140709_clip</resTitle><presForm><PresFormCd value="005" Sync="TRUE"></PresFormCd></presForm></idCitation><spatRpType><SpatRepTypCd value="001" Sync="TRUE"></SpatRepTypCd></spatRpType><dataExt><geoEle><GeoBndBox esriExtentType="search"><exTypeCode Sync="TRUE">1</exTypeCode><westBL Sync="TRUE">-93.103877</westBL><eastBL Sync="TRUE">-89.827380</eastBL><northBL Sync="TRUE">48.496140</northBL><southBL Sync="TRUE">47.242538</southBL></GeoBndBox></geoEle></dataExt><dataExt><exDesc>publication date</exDesc><tempEle><TempExtent><exTemp><TM_Instant><tmPosition>2014-02-04</tmPosition></TM_Instant></exTemp></TempExtent></tempEle></dataExt></dataIdInfo><mdLang><languageCode value="eng" Sync="TRUE"></languageCode><countryCode value="USA" Sync="TRUE"></countryCode></mdLang><distInfo><distFormat><formatName Sync="TRUE">Shapefile</formatName></distFormat><distTranOps><transSize Sync="TRUE">0.000</transSize></distTranOps></distInfo><mdHrLv><ScopeCd value="005" Sync="TRUE"></ScopeCd></mdHrLv><mdHrLvName Sync="TRUE">dataset</mdHrLvName><refSysInfo><RefSystem><refSysID><identCode code="26915" Sync="TRUE"></identCode><idCodeSpace Sync="TRUE">EPSG</idCodeSpace><idVersion Sync="TRUE">8.1.1</idVersion></refSysID></RefSystem></refSysInfo><spatRepInfo><VectSpatRep><geometObjs Name="SNF_STANDS_20140709_clip"><geoObjTyp><GeoObjTypCd value="002" Sync="TRUE"></GeoObjTypCd></geoObjTyp><geoObjCnt Sync="TRUE">0</geoObjCnt></geometObjs><topLvl><TopoLevCd value="001" Sync="TRUE"></TopoLevCd></topLvl></VectSpatRep></spatRepInfo><spdoinfo><ptvctinf><esriterm Name="SNF_STANDS_20140709_clip"><efeatyp Sync="TRUE">Simple</efeatyp><efeageom code="4" Sync="TRUE"></efeageom><esritopo Sync="TRUE">FALSE</esritopo><efeacnt Sync="TRUE">0</efeacnt><spindex Sync="TRUE">FALSE</spindex><linrefer Sync="TRUE">FALSE</linrefer></esriterm></ptvctinf></spdoinfo><eainfo><detailed Name="SNF_STANDS_20140709_clip"><enttyp><enttypl Sync="TRUE">SNF_STANDS_20140709_clip</enttypl><enttypt Sync="TRUE">Feature Class</enttypt><enttypc Sync="TRUE">0</enttypc></enttyp><attr><attrlabl Sync="TRUE">FID</attrlabl><attalias Sync="TRUE">FID</attalias><attrtype Sync="TRUE">OID</attrtype><attwidth Sync="TRUE">4</attwidth><atprecis Sync="TRUE">0</atprecis><attscale Sync="TRUE">0</attscale><attrdef Sync="TRUE">Internal feature number.</attrdef><attrdefs Sync="TRUE">Esri</attrdefs><attrdomv><udom Sync="TRUE">Sequential unique whole numbers that are automatically generated.</udom></attrdomv></attr><attr><attrlabl Sync="TRUE">SHAPE</attrlabl><attalias Sync="TRUE">Shape</attalias><attrtype Sync="TRUE">Geometry</attrtype><attwidth Sync="TRUE">0</attwidth><atprecis Sync="TRUE">0</atprecis><attscale Sync="TRUE">0</attscale><attrdef Sync="TRUE">Feature geometry.</attrdef><attrdefs Sync="TRUE">Esri</attrdefs><attrdomv><udom Sync="TRUE">Coordinates defining the features.</udom></attrdomv></attr><attr><attrlabl Sync="TRUE">STAND_ID</attrlabl><attalias Sync="TRUE">STAND_ID</attalias><attrtype Sync="TRUE">String</attrtype><attwidth Sync="TRUE">254</attwidth><atprecis Sync="TRUE">0</atprecis><attscale Sync="TRUE">0</attscale></attr><attr><attrlabl Sync="TRUE">ACRES</attrlabl><attalias Sync="TRUE">ACRES</attalias><attrtype Sync="TRUE">Double</attrtype><attwidth Sync="TRUE">19</attwidth><atprecis Sync="TRUE">0</atprecis><attscale Sync="TRUE">0</attscale></attr><attr><attrlabl Sync="TRUE">EV_CODE</attrlabl><attalias Sync="TRUE">EV_CODE</attalias><attrtype Sync="TRUE">String</attrtype><attwidth Sync="TRUE">254</attwidth><atprecis Sync="TRUE">0</atprecis><attscale Sync="TRUE">0</attscale></attr><attr><attrlabl Sync="TRUE">EV_NAME</attrlabl><attalias Sync="TRUE">EV_NAME</attalias><attrtype Sync="TRUE">String</attrtype><attwidth Sync="TRUE">254</attwidth><atprecis Sync="TRUE">0</atprecis><attscale Sync="TRUE">0</attscale></attr><attr><attrlabl Sync="TRUE">BASAL_AREA</attrlabl><attalias Sync="TRUE">BASAL_AREA</attalias><attrtype Sync="TRUE">Double</attrtype><attwidth Sync="TRUE">19</attwidth><atprecis Sync="TRUE">0</atprecis><attscale Sync="TRUE">0</attscale></attr><attr><attrlabl Sync="TRUE">SITE_INDEX</attrlabl><attalias Sync="TRUE">SITE_INDEX</attalias><attrtype Sync="TRUE">String</attrtype><attwidth Sync="TRUE">254</attwidth><atprecis Sync="TRUE">0</atprecis><attscale Sync="TRUE">0</attscale></attr><attr><attrlabl Sync="TRUE">SITE_IND_1</attrlabl><attalias Sync="TRUE">SITE_IND_1</attalias><attrtype Sync="TRUE">Double</attrtype><attwidth Sync="TRUE">19</attwidth><atprecis Sync="TRUE">0</atprecis><attscale Sync="TRUE">0</attscale></attr><attr><attrlabl Sync="TRUE">YEAR_OF_OR</attrlabl><attalias Sync="TRUE">YEAR_OF_OR</attalias><attrtype Sync="TRUE">Integer</attrtype><attwidth Sync="TRUE">9</attwidth><atprecis Sync="TRUE">9</atprecis><attscale Sync="TRUE">0</attscale></attr><attr><attrlabl Sync="TRUE">STAND_AGE</attrlabl><attalias Sync="TRUE">STAND_AGE</attalias><attrtype Sync="TRUE">Double</attrtype><attwidth Sync="TRUE">19</attwidth><atprecis Sync="TRUE">0</atprecis><attscale Sync="TRUE">0</attscale></attr><attr><attrlabl Sync="TRUE">NFS_LAND_C</attrlabl><attalias Sync="TRUE">NFS_LAND_C</attalias><attrtype Sync="TRUE">String</attrtype><attwidth Sync="TRUE">254</attwidth><atprecis Sync="TRUE">0</atprecis><attscale Sync="TRUE">0</attscale></attr><attr><attrlabl Sync="TRUE">REMARKS</attrlabl><attalias Sync="TRUE">REMARKS</attalias><attrtype Sync="TRUE">String</attrtype><attwidth Sync="TRUE">254</attwidth><atprecis Sync="TRUE">0</atprecis><attscale Sync="TRUE">0</attscale></attr><attr><attrlabl Sync="TRUE">SIZE_DENSI</attrlabl><attalias Sync="TRUE">SIZE_DENSI</attalias><attrtype Sync="TRUE">Integer</attrtype><attwidth Sync="TRUE">9</attwidth><atprecis Sync="TRUE">9</atprecis><attscale Sync="TRUE">0</attscale></attr><attr><attrlabl Sync="TRUE">VEGETATION</attrlabl><attalias Sync="TRUE">VEGETATION</attalias><attrtype Sync="TRUE">Integer</attrtype><attwidth Sync="TRUE">9</attwidth><atprecis Sync="TRUE">9</atprecis><attscale Sync="TRUE">0</attscale></attr><attr><attrlabl Sync="TRUE">CREATED_DA</attrlabl><attalias Sync="TRUE">CREATED_DA</attalias><attrtype Sync="TRUE">Date</attrtype><attwidth Sync="TRUE">8</attwidth><atprecis Sync="TRUE">0</atprecis><attscale Sync="TRUE">0</attscale></attr><attr><attrlabl Sync="TRUE">MODIFIED_D</attrlabl><attalias Sync="TRUE">MODIFIED_D</attalias><attrtype Sync="TRUE">Date</attrtype><attwidth Sync="TRUE">8</attwidth><atprecis Sync="TRUE">0</atprecis><attscale Sync="TRUE">0</attscale></attr></detailed></eainfo><mdDateSt Sync="TRUE">20140710</mdDateSt><dqInfo><dataLineage><dataSource><srcDesc>Geospatial Interface Visualization: 
HelpId: 690
DistributedIndicator: N
ProcessId: 59c7d147-2a6d-4e28-8d21-54fadf39235b
ProcessName: FSVeg-Sp R09 Extract Vegetation Polygons RSW
OwnerName: R9
Registry: REGION 09
ProcessType: Visualization
Purpose: Retrieve FSVeg spatial vegetation polygon data from the data center and attach tabular data to features for subsequent use.  RSW attaches R09 regional standard fields.

Edited 22 Feb 2012 to reflect changes in underlying tables, and further edited on 28 Feb 2012 to remove duplicate records caused by unarchived inventory polygons.  Edited 14 May 2012 to remove -1 from null values in BA, DBH, and TPA.

PreRequisites: Must have data stored in FSVeg-spatial tables
Results: A local copy of veg polys with the following data attached:
   spatial_id (vegpoly)
   stand_id (calc from vegpoly)
   poly_id (vegpoly)
   region_admin (vegpoly)
   forest_admin (vegpoly)
   district_no (vegpoly)
   region_proc (vegpoly)
   forest_proc (vegpoly)
   location (vegpoly)
   setting_id         (vegpoly)
   num_exams          (vegpoly)
   USGS_anderson_1    (vegpoly)
   USGS_anderson_2    (vegpoly)
   acres_manual       (vegpoly)
   acres              (vegpoly)
   agency             (vegpoly)
   slope_position     (vegcharacterizations)
   slope_shape_vert   (vegcharacterizations)
   tree_height_avg    (vegcharacterizations)
   canopy_closure_trees (vegcharacterizations)
   stand_condition_ref (vegcharacterizations)
   stand_condition_code (vegcharacterizations)
   stand_cond_desc    (vegcharacterizations)
   sample_date        (vegpoly)
   ev_ref_code        (vegpoly)
   ev_code            (vegpoly)
   ev_name            (nrv_ev_cover_types)
   pv_ref_code        (vegpoly)
   pv_code            (vegpoly)
   pv_name            (nrv_pv_cover_types)
   mgmt_type_ref_code        (vegpoly)
   mgmt_type_ev_code            (vegpoly)
   mgmt_type_ev_name            (nrv_ev_cover_types)
   pag_ref            (vegcharacterizations)
   pag_code           (vegcharacterizations)
   site_index_spp     (vegcharacterizations)
   site_index         (vegcharacterizations)
   year_of_origin     (vegcharacterizations)
   stand_age          (calc from vegcharacterizations)
   nfs_land_class     (vegcharacterizations)
   dbh                (vegcharacterizations)
   tpa                (vegcharacterizations)
   tree_layer_structure (vegcharacterizations)
   stocking_percent   (vegcharacterizations)
   management_productivity (vegcharacterizations)
   purpose_code       (vegpoly)
   merch_cubic_gross   (vegcharacterizations)
   exam_sample_age    (calc from vegpoly)
   fire_regime        (vegcharacterizations)
   condition_class    (vegcharacterizations)
   crowning_index     (vegcharacterizations)
   crown_fire         (vegcharacterizations)
   down_woody         (vegcharacterizations)
   duff_litter_depth   (vegcharacterizations)
   fuel_depth (vegcharacterizations)
   fuel_photo_reference (vegcharacterizations)
   residue_desc_code (vegcharacterizations)
   haz_rating (vegcharacterizations)
   aspect_degrees (veggiscalcs)
   elevation_feet     (veggiscalcs)
   slope_percent      (veggiscalcs)
   remarks            (vegcharacterizations)
       SIZE_DENSITY   &lt;R9 Regional variabes&gt;
       VEGETATION_TYPE
       ANIMAL_HABITAT_TYPE
       KIRTLAND_WARBLER_MNGMNT_AREA
       FUEL_TREATMENT_AREAS
       OPERABILITY
       MNGMNT_OBJECTIVE
       YEAR_AVAILABLE_FOR_HARVEST
       GRAPE_VINES_PER_ACRE
       EFFECTIVE_AGE
   Poly_to_FSVeg (setting_measurements)
   modified_by (vegpoly)
   modified_date (vegpoly)
DetailsUrl: http://fsweb.nris.fs.fed.us/products/FSVeg_Spatial/documentation.shtml
StandardsUrl: 
Contact: R9_REGIONALOFFICE
CreatedBy: 
CreatedDate: 8/18/2009 1:48:17 PM
ModifiedBy: DBUNTON
ModifiedDate: 5/14/2012 12:45:04 PM

Assigned Keywords: 
Vegetation
</srcDesc><srcCitatn><resTitle>FSVeg-Sp R09 Extract Vegetation Polygons RSW</resTitle></srcCitatn><srcExt><exDesc>publication date</exDesc><tempEle><TempExtent><exTemp><TM_Instant><tmPosition>2014-02-04</tmPosition></TM_Instant></exTemp></TempExtent></tempEle></srcExt></dataSource><prcStep><stepDesc>Process Step for FSVeg-Sp R09 Extract Vegetation Polygons RSW: 
Step Name: FSVeg-Sp R09 Extract Vegetation Polygons
Step Type: RSW
Sequence: 1
Required: True
Minimum Inputs: 2
Is Distributed: N
Help ID: 290
Output Feature Template: FSVegSpR09ExtractVegetationPolygonsRSW
Do not prompt user for selection: True
Each run has own output: False
Input Feature Template: FSVeg-Sp Vegetation Polygons
Feature Include Fields: (None)
Feature Join Field: SPATIAL_ID
Query Join Field: SPATIAL_ID
Dyn Seg Mode: None
Join Cardinality: OneToMany
Is Outer Join: False
Rt Bmp: 
Rt Emp: 

Query Name: qryRswFSVegSpR09ExtractVegetationPolygons

SQL: 

select vp.spatial_id, 
       vu.region_admin || vu.forest_admin || vp.district_no || vp.location || 
          lpad(to_char(vp.poly_id),3,'0') stand_id, 
       vp.poly_id,
       vu.region_admin,
       vu.forest_admin,
       vp.district_no,
       vp.region_proc,
       vp.forest_proc,
       vp.location, 
       vp.setting_id,
       vp.num_exams,
       vp.Usgs_anderson_1,
       vp.Usgs_anderson_2,
       vp.acres_manual,
       vp.acres,
       vp.agency,
       vc.slope_position,
       vc.slope_shape_vert,
       vc.tree_height_avg,
       vc.canopy_closure_trees,
       vc.stand_condition_ref,
       vc.stand_condition_code,
       sd.stand_cond_desc,
       vp.sample_date,
       vc.ev_ref_code,
       vc.ev_code,
       ev.common_name ev_name,
       vc.pv_ref_code,
       vc.pv_code,
       pv.common_name pv_name,
      vc.management_type_ev_ref "Mgmt_Type_EV_Ref",
      vc.management_type_ev_code "Mgmt_Type_EV_Code",
      mv.common_name "Mgmt_Type_EV_Desc",
      vc.pag_ref,
      vc.pag_code,
       vc.basal_area,
       vc.site_index_spp,
       vc.site_index,
       vc.year_of_origin,
       to_number(to_char(sysdate,'YYYY')) - vc.year_of_origin stand_age,
       vc.nfs_land_class,
       vc.dbh,
       vc.tpa,
       vc.tree_layer_structure,
       vc.stocking_percent,
       vc.management_productivity,
       vp.purpose_code,
       vc.merch_cubic_gross,
       case 
         when vp.sample_date is not null and (to_number(to_char(sysdate,'YYYY')) - 
           to_number(to_char(vp.sample_date,'YYYY')) &gt;= 0) then
           to_number(to_char(sysdate,'YYYY')) - to_number(to_char(vp.sample_date,'YYYY')) 
         else null 
       end exam_sample_age,
       vc.fire_regime,
       vc.condition_class,
       vc.crowning_index,
       vc.crown_fire,
       vc.down_woody,
       vc.duff_litter_depth,
       vc.fuel_depth,
       vc.fuel_photo_reference,
       vc.residue_desc_code,
       vc.haz_rating,
       vgc.elevation_feet,
       vgc.slope_percent,
       substr(vc.remarks,1,254) remarks,
       vp.sample_recorder,
       vpl.SIZE_DENSITY,
       vpl.VEGETATION_TYPE,
       vpl.ANIMAL_HABITAT_TYPE,
       vpl.KIRTLAND_WARBLER_MNGMNT_AREA,
       vpl.FUEL_TREATMENT_AREAS,
       vpl.OPERABILITY,
       vpl.MNGMNT_OBJECTIVE,
       vpl.YEAR_AVAILABLE_FOR_HARVEST,
       vpl.GRAPE_VINES_PER_ACRE,
       vpl.EFFECTIVE_AGE,
       vpl.NEPA_NAME,
       vpl.NEPA_DATE,
       vpl.OLD_GROWTH_86,
       vpl.OLD_GROWTH,
       vpl.LANDSCAPE_ECOSYSTEM,
       vpl.TLSC_MODIFIER,
       vpl.WET_DRY,
       case
         when sm.setting_id is not null then 'Linked'
         else 'Not Linked' end "Poly_to_FSVeg",
       vp.created_by,
       trunc(vp.created_date) created_date,
       vp.modified_by,
       trunc(nvl(vp.modified_date,vp.created_date)) modified_date,
       vu.region_admin || vu.forest_admin "FS_Unit_ID"
  from (select substr(p.value, 1, 2) region_admin,  substr(p.value, 3, 2) forest_admin
          from gi$currentSchema$.nris_veggdbinfo p where  p.name = 'VpdUnitId') vu,
       gi$currentSchema$.nris_vegpoly_aprv vp
  left outer join  gi$currentSchema$.nris_vegcharacterizations_aprv vc
    on vp.spatial_id = vc.spatial_id
  /*left outer join  gi$currentSchema$.nris_vegpolylinks_aprv vpk
    on vp.spatial_id = vpk.spatial_id */
  left outer join  gi$currentSchema$.nris_vegpolylocal_aprv vpl
    on vp.spatial_id = vpl.SPATIAL_ID
  left outer join gi$currentSchema$.nris_veggiscalcs_aprv  vgc
    on vp.spatial_id = vgc.spatial_id
  left outer join (select distinct sm1.setting_id
                     from nrv_setting_measurements sm1
                    where sm1.setmeas_cn_of is null
                      and sm1.vpdunit_id =
                          (select substr(p2.value, 1, 4)  vpdunit_id
                             from  gi$currentSchema$.nris_veggdbinfo p2
                            where p2.name = 'VpdUnitId')
                    order by 1) sm
    on vp.SETTING_ID = sm.setting_id
  left outer join nrv_ev_cover_types ev
    on (vc.ev_ref_code = ev.ref_code and vc.ev_code =  ev.ev_code)
  left outer join nrv_pv_cover_types pv
    on (vc.pv_ref_code = pv.ref_code and vc.pv_code =  pv.pv_code)
  left outer join nrv_ev_cover_types mv
    on (vc.management_type_ev_ref = mv.ref_code and vc.management_type_ev_code =  mv.ev_code)
  left outer join (select ref_code,domain_value  stand_cond_code, value_description stand_cond_desc
                     from nrv_spatial_domain_vm 
                      where spatial_usage =  'STAND_CONDITION_REF' 
                         and code_column_name =  'STAND_CONDITION_CODE') sd
    on (vc.stand_condition_ref = sd.ref_code and
       vc.stand_condition_code = sd.stand_cond_code)
 where 1 = 1
 ORDER BY vp.spatial_id


Parameters (0): 

</stepDesc><stepDateTm>2014-02-04</stepDateTm><stepProc><rpOrgName>USDA Forest Service</rpOrgName></stepProc><stepSrc type="used"><srcCitatn><resTitle>FSVeg-Sp R09 Extract Vegetation Polygons RSW</resTitle></srcCitatn></stepSrc><stepSrc type="used"><srcCitatn><resTitle>FSVeg-Sp Vegetation Polygons</resTitle><resAltTitle>SERVER=iwebdb;INSTANCE=sde:oracle11g:iwebdb:sde_nris_veg;DBCLIENT=oracle;USER=FS_PUBLIC_READ;VERSION=NRV_SPATIAL_APP_USER.NRV_APPROVED_0909\S_R09_SNF.NRIS_Veg\S_R09_SNF.NRIS_VegPoly</resAltTitle></srcCitatn><srcExt><exDesc>publication date</exDesc><tempEle><TempExtent><exTemp><TM_Instant><tmPosition>2014-02-04</tmPosition></TM_Instant></exTemp></TempExtent></tempEle></srcExt></stepSrc><stepSrc type="used"><srcDesc>Resolved Query SQL: 
select vp.spatial_id,          vu.region_admin || vu.forest_admin || vp.district_no || vp.location ||             lpad(to_char(vp.poly_id),3,'0') stand_id,          vp.poly_id,         vu.region_admin,         vu.forest_admin,         vp.district_no,         vp.region_proc,         vp.forest_proc,         vp.location,          vp.setting_id,         vp.num_exams,         vp.Usgs_anderson_1,         vp.Usgs_anderson_2,         vp.acres_manual,         vp.acres,         vp.agency,         vc.slope_position,         vc.slope_shape_vert,         vc.tree_height_avg,         vc.canopy_closure_trees,         vc.stand_condition_ref,         vc.stand_condition_code,         sd.stand_cond_desc,         vp.sample_date,         vc.ev_ref_code,         vc.ev_code,         ev.common_name ev_name,         vc.pv_ref_code,         vc.pv_code,         pv.common_name pv_name,        vc.management_type_ev_ref "Mgmt_Type_EV_Ref",        vc.management_type_ev_code "Mgmt_Type_EV_Code",        mv.common_name "Mgmt_Type_EV_Desc",        vc.pag_ref,        vc.pag_code,         vc.basal_area,         vc.site_index_spp,         vc.site_index,         vc.year_of_origin,         to_number(to_char(sysdate,'YYYY')) - vc.year_of_origin stand_age,         vc.nfs_land_class,         vc.dbh,         vc.tpa,         vc.tree_layer_structure,         vc.stocking_percent,         vc.management_productivity,         vp.purpose_code,         vc.merch_cubic_gross,         case            when vp.sample_date is not null and (to_number(to_char(sysdate,'YYYY')) -              to_number(to_char(vp.sample_date,'YYYY')) &gt;= 0) then             to_number(to_char(sysdate,'YYYY')) - to_number(to_char(vp.sample_date,'YYYY'))            else null          end exam_sample_age,         vc.fire_regime,         vc.condition_class,         vc.crowning_index,         vc.crown_fire,         vc.down_woody,         vc.duff_litter_depth,         vc.fuel_depth,         vc.fuel_photo_reference,         vc.residue_desc_code,         vc.haz_rating,         vgc.elevation_feet,         vgc.slope_percent,         substr(vc.remarks,1,254) remarks,         vp.sample_recorder,         vpl.SIZE_DENSITY,         vpl.VEGETATION_TYPE,         vpl.ANIMAL_HABITAT_TYPE,         vpl.KIRTLAND_WARBLER_MNGMNT_AREA,         vpl.FUEL_TREATMENT_AREAS,         vpl.OPERABILITY,         vpl.MNGMNT_OBJECTIVE,         vpl.YEAR_AVAILABLE_FOR_HARVEST,         vpl.GRAPE_VINES_PER_ACRE,         vpl.EFFECTIVE_AGE,         vpl.NEPA_NAME,         vpl.NEPA_DATE,         vpl.OLD_GROWTH_86,         vpl.OLD_GROWTH,         vpl.LANDSCAPE_ECOSYSTEM,         vpl.TLSC_MODIFIER,         vpl.WET_DRY,         case           when sm.setting_id is not null then 'Linked'           else 'Not Linked' end "Poly_to_FSVeg",         vp.created_by,         trunc(vp.created_date) created_date,         vp.modified_by,         trunc(nvl(vp.modified_date,vp.created_date)) modified_date,         vu.region_admin || vu.forest_admin "FS_Unit_ID"    from (select substr(p.value, 1, 2) region_admin,  substr(p.value, 3, 2) forest_admin            from S_R09_SNF.nris_veggdbinfo p where  p.name = 'VpdUnitId') vu,         S_R09_SNF.nris_vegpoly_aprv vp    left outer join  S_R09_SNF.nris_vegcharacterizations_aprv vc      on vp.spatial_id = vc.spatial_id    /*left outer join  S_R09_SNF.nris_vegpolylinks_aprv vpk      on vp.spatial_id = vpk.spatial_id */    left outer join  S_R09_SNF.nris_vegpolylocal_aprv vpl      on vp.spatial_id = vpl.SPATIAL_ID    left outer join S_R09_SNF.nris_veggiscalcs_aprv  vgc      on vp.spatial_id = vgc.spatial_id    left outer join (select distinct sm1.setting_id                       from nrv_setting_measurements sm1                      where sm1.setmeas_cn_of is null                        and sm1.vpdunit_id =                            (select substr(p2.value, 1, 4)  vpdunit_id                               from  S_R09_SNF.nris_veggdbinfo p2                              where p2.name = 'VpdUnitId')                      order by 1) sm      on vp.SETTING_ID = sm.setting_id    left outer join nrv_ev_cover_types ev      on (vc.ev_ref_code = ev.ref_code and vc.ev_code =  ev.ev_code)    left outer join nrv_pv_cover_types pv      on (vc.pv_ref_code = pv.ref_code and vc.pv_code =  pv.pv_code)    left outer join nrv_ev_cover_types mv      on (vc.management_type_ev_ref = mv.ref_code and vc.management_type_ev_code =  mv.ev_code)    left outer join (select ref_code,domain_value  stand_cond_code, value_description stand_cond_desc                       from nrv_spatial_domain_vm                         where spatial_usage =  'STAND_CONDITION_REF'                            and code_column_name =  'STAND_CONDITION_CODE') sd      on (vc.stand_condition_ref = sd.ref_code and         vc.stand_condition_code = sd.stand_cond_code)   where 1 = 1   ORDER BY vp.spatial_id</srcDesc><srcCitatn><resTitle>qryRswFSVegSpR09ExtractVegetationPolygons</resTitle></srcCitatn><srcExt><exDesc>publication date</exDesc><tempEle><TempExtent><exTemp><TM_Instant><tmPosition>2014-02-04</tmPosition></TM_Instant></exTemp></TempExtent></tempEle></srcExt></stepSrc><stepSrc type="produced"><srcCitatn><resTitle>T:\FS\NFS\Superior\Project\LAC\TimberVeg\KAB\GIS\Veg\erich\egrebner\FSVegSpVegPolygons.mdb\FSVegSpR09ExtractVegetationPolygonsRSW</resTitle></srcCitatn></stepSrc></prcStep></dataLineage></dqInfo><mdChar><CharSetCd value="004" Sync="TRUE"></CharSetCd></mdChar></metadata>
